Identification,Phenophase,Phenophase detail,Month,Day,Year,Country,State,County,Habitat,,Elevation,Latitude,Longitude,Map details,Location info,URL,,,,
000030,fl,2,7,23,2005,usa,north carolina,ashe,roadside,,3500-4683ft,36.403181,-81.463159,"3 (gmap, WGS84, plus minus 1807m)","Mount Jefferson State Natural Area and environs, S.R. 1152. Collected from roadside ecotones on left, ca. 0.1 miles prior to park office. Grid # D12",https://midatlanticherbaria.org/portal/collections/individual/index.php?occid=5525451,,,,
00375274,leaves,,5,25,1895,usa,massachusetts,middlesex,,,,,,,upper section of Beaver Reservation,https://midatlanticherbaria.org/portal/collections/individual/index.php?occid=23084177,,,,
00961767,fl,4,7,9,1922,usa,new jersey,camden,,,,,,,,https://midatlanticherbaria.org/portal/collections/individual/index.php?occid=23350680,,,,
01035994,fl,1,7,,1898,usa,maine,york,,,,,,,town of Wells,https://midatlanticherbaria.org/portal/collections/individual/index.php?occid=23241434,,,,
01036443,fl,4,6,27,1955,usa,massachusetts,essex,,,,,,,"Pleasant valley road, amesbury",https://midatlanticherbaria.org/portal/collections/individual/index.php?occid=23241487,,,,
01036496,fruiting,1,8,30,1944,usa,massachusetts,stoughton,gravelly roadside on edge of woods,,,,,,~100yd from Frank Atherton's on Central St,https://midatlanticherbaria.org/portal/collections/individual/index.php?occid=23241540,,,,
01036525,fl,2,7,13,1936,usa,massachusetts,harvard,thicket,,,,,,,https://midatlanticherbaria.org/portal/collections/individual/index.php?occid=23241569,,,,
01036545,fl,2,,,1871,usa,rhode island,providence,,,,,,,,https://midatlanticherbaria.org/portal/collections/individual/index.php?occid=23241589,,,,
1036476,fruiting,2,8,13,1910,usa,massachusetts,middlesex,,,,,,,Prospect Hill in Waltham,https://midatlanticherbaria.org/portal/collections/individual/index.php?occid=23241520,,,,
1222154,fl,3,7,26,1990,usa,michigan,chippewa,,,,46.078649,-83.665531,,"Drummond Twp. T42N, R5E, Sec. 24 SE1/4. Drummond Is. SW corner of Maxton and Townline Rd's. ca. 1/4 mi. E. of village of Drummond",https://midatlanticherbaria.org/portal/collections/individual/index.php?occid=29596130,,,,
1222174,fl,5,7,18,1949,usa,michigan,keweenaw,rocky shore of Lake Superior,,,47.478326,-87.951748,plus minus 195m,Hebard Park,https://midatlanticherbaria.org/portal/collections/individual/index.php?occid=29596150,,,,
1353657,fl,5,7,7,1893,usa,michigan,jackson,roadside,,,,,HAD MAP,D.R. Camp Herbarium No.211,https://midatlanticherbaria.org/portal/collections/individual/index.php?occid=29670977,,,,
1583478,fl,,7,12,2018,usa,massachusetts,worcestor,roadside,,390m,42.4743,71.8993,,Wachusett Reservation,https://midatlanticherbaria.org/portal/collections/individual/index.php?occid=29421337,,,,
305878,fl,3,7,14,1972,usa,minnesota,wright,roadside,,"1000-2000ft, 610m",45.195573,-94.073843,"plus minus 10,000m","Entrance to Camp Courage off co. road #7, 3.75mi from jnc of #7 and hwy 55",https://midatlanticherbaria.org/portal/collections/individual/index.php?occid=27640386,,,,
31234100231644,fl,1,7,24,1989,usa,kentucky,menifee,pond,,,,,,"pond corner of Rts. 460 and 713, near county border",https://midatlanticherbaria.org/portal/collections/individual/index.php?occid=5472377,,,,
31234100231735,fl,3,7,2,1984,usa,kentucky,rockcastle,around pond,,,,,,3 mi west of Mount Vernon on Road 150,https://midatlanticherbaria.org/portal/collections/individual/index.php?occid=5472399,,,,
31234100765245,fl,2,7,1,2015,usa,kentucky,madison,old field,,,37.716122,-84.295659,,"East side of bridge within 20 yards of the bridge; Taylor Fork Ecological Area in Richmond, KY",https://midatlanticherbaria.org/portal/collections/individual/index.php?occid=20516904,,,,
3529050,leaves,,7,14,1910,usa,new york,bronx,botanical garden,,,40.862289,-73.877023,WGS84,NY Botanical Garden,https://midatlanticherbaria.org/portal/collections/individual/index.php?occid=24758982,,,,
3529244,fl,2,7,30,1984,usa,new york,suffolk,cold spring harbor,,,40.859803,-73.451896,WGS84,,https://midatlanticherbaria.org/portal/collections/individual/index.php?occid=24739148,,,,
37333,fl,3,6,17,1976,usa,virginia,isle of wight,open edge of cutover woods,,,37.077983,-76.674815,plus/minus 400m,0.4 miles E of Co Rt 702 from Co Rt 676 toward Holly Point,https://midatlanticherbaria.org/portal/collections/individual/index.php?occid=7788076,,,,
699490,fl,,7,2,1975,usa,wisconsin,vernon,island E side of main channel,,635ft,,,,"Island 4, Mississippi River mile #696.7, T14N R7W Sec 19",,,,,
896441,fl,1,7,11,1988,usa,,,grassy old field,,,45.9511111,-93.4711111,,"Mille Lacs Wildlife Management Area. Kanabek County ... Mille Lacs State Wildlife Management Area, about 9 miles northwest of Mora ...SW1/4 SW1/4 section 16, T40N R 25W. 040N 25W 16",https://midatlanticherbaria.org/portal/collections/individual/index.php?occid=27761204,,,,
950636,fl,2,,,1935,usa,minnesota,cass,,,,46.887089,-94.095581,plus minus 71199m,,https://midatlanticherbaria.org/portal/collections/individual/index.php?occid=27783096,,,,
961778,fl,5,8,13,1914,usa,new york,,,,,,,,,https://midatlanticherbaria.org/portal/collections/individual/index.php?occid=23350690,,,,
APSC0029113,fl,3,7,7,1966,usa,tennessee,montgomery,roadside,,,,,,between Oak Plains and Fredonia; 10 mi SE of Clarksville,https://midatlanticherbaria.org/portal/collections/individual/index.php?occid=15419753,,,,
APSC0079186,fl,2,7,21,1982,usa,kentucky,breckinridge,,,,,,google map,near L&N railroad?,https://midatlanticherbaria.org/portal/collections/individual/index.php?occid=20243329,,,,
APSC0082789,fl,6,7,3,1978,usa,new hampshire,coos,open woods and rock outcrops along road to Mount Washington,,,,,,,,,,,# 8557
BRYV0170854,fl,3,6,26,1934,usa,indiana,marion,,,,,,,Right-of-way Indiana RR at Forest Manor Ave,https://midatlanticherbaria.org/portal/collections/individual/index.php?occid=20998476,,,,
CHRB0042294,fl,1,7,29,1929,usa,wisconson,dane,roadside,,,,,,"stoughton city; Herbarium of the University of Pennsylvania, Central Wisconsin; Ex. Herbarium William H. Witte; ""7"" in pencil",,,,,PH00767075 - duplicate of this specimen
CM526956,fl,2,6,3,2012,usa,pennsylvania,cumberland,roadside,,,40.08689,-77.266942,"WGS84, plus/minus 100m","Kings Gap State Park, S of Montsera",https://midatlanticherbaria.org/portal/collections/individual/index.php?occid=12353609,,,,
CM010378,leaves,,9,16,1964,usa,pennsylvania,allegheny,park,,,40.597411,-79.998226,plus/minus 3165m,Allegheny Grove of North Park,https://midatlanticherbaria.org/portal/collections/individual/index.php?occid=12249677,,,,
CM080487,fl,2,6,26,1938,usa,pennsylvania,berks,moist woods,,620ft,40.164148,-75.822662,WGS84,.75mi NW of Elverson,https://midatlanticherbaria.org/portal/collections/individual/index.php?occid=12251705,,,,
CM308022,fl,4,7,2,1984,usa,pennsylvania,blair,open field adjacent to mesic woodlot,,,40.33456,-78.56025,"3 (gmap, NAD83, plus/minus 1318m)",ca 1.5 mi SSW of Blue Knob and junction with PA 164 on road to State Game Lands 26,https://midatlanticherbaria.org/portal/collections/individual/index.php?occid=12327952,,,,
CM394171,fl,,7,4,1994,usa,pennsylvania,westmoreland,old roadside meadow,,460m,40.1525,79.0915,plus minus 14m,"Ligonier Township, ENE of Waterford on PA 271, Green Mountain Cemetery",https://midatlanticherbaria.org/portal/collections/individual/index.php?occid=12341445,,,,
CM487595,fl,1,6,18,1998,usa,new york,chautauqua,roadside,,,42.2658,79.1835,nad83?,4.8km ESE of Dunkirk on NY 60,https://midatlanticherbaria.org/portal/collections/individual/index.php?occid=12347526,,,,
CM513285,fl,5,6,28,2006,usa,pennsylvania,washington,"rich wooded stream valley of Hemlock, Sugar Maple, Red Oak",,950ft,40.1859,80.3024,NAD83,"1.8 mi, 28 deg from Virginville road intersection, northern trib of Scott Run",https://midatlanticherbaria.org/portal/collections/individual/index.php?occid=12352221,,,,
collector: A.A. Heller,fl,5,7,8,1901,usa,pennsylvania,lancaster,,,,,,,End of W. Walnut St.,https://midatlanticherbaria.org/portal/collections/individual/index.php?occid=19607262,,,,
collector: J.H. Shuette,fruiting,7,10,16,1898,usa,wisconson,,,,,,,,,https://midatlanticherbaria.org/portal/collections/individual/index.php?occid=19607233,,,,
collector: Richard M. Hull,fl,1,7,15,2021,usa,indiana,tippecanoe,upland forest edge along road,,202m,40.408445,-87.070978,"WGS84, plus minus 3m",Ross Camp and Ross Hills; located on the E side of the main access road approximately 125 meters S of the park entrance,https://midatlanticherbaria.org/portal/collections/individual/index.php?occid=28211515,,,,
DOV0002093,fl,3,6,30,1982,usa,dc,,,,,,,,US National Arboretum Herb Garden,https://midatlanticherbaria.org/portal/collections/individual/index.php?occid=15380651,,,,
DUKE10105462,fl,3,6,30,1976,usa,kentucky,kenton,,,,,,,1/10 meter NW of junction of Dixie hwy and W. Maple Ave.; Ft Mitchell,https://midatlanticherbaria.org/portal/collections/individual/index.php?occid=16639647,,,,
HUNT-010890,fl,1,8,8,1948,usa,indiana,huntington,"black soil, medium moisture",,,,,,,https://midatlanticherbaria.org/portal/collections/individual/index.php?occid=10387214,,,,
MDKY00007736,fl,2,7,1,1999,usa,kentucky,fleming,"field pasture, Silurian upper Crab-Orchard shale",,720ft,38.1928,83.32488,,"Plummer's Landing Quad; Along Stockton Creek Road, 0.3 mi from jct with hwy 1013, by Stockton Creek drainage",https://midatlanticherbaria.org/portal/collections/individual/index.php?occid=10398279,,,,
MSC0243049,fl,1,7,10,1961,usa,michigan,lapeer,edge of pond (Trout Lake),,,,,,"A Scout Ranch, 10mi S of Lapeer. T6N, R10E, section 2",https://midatlanticherbaria.org/portal/collections/individual/index.php?occid=11159512,,,,
MSC0243088,fl,2,7,15,1961,usa,michigan,clinton,abandoned field,,,,,,T5N R1W sec.26,https://midatlanticherbaria.org/portal/collections/individual/index.php?occid=11159492,,,,
NCU00081048,fruiting,2,9,14,2004,usa,north carolina,moore,farmland,,,,,,"George P. Road, east of Cavness Town Road, north of Robbins",https://midatlanticherbaria.org/portal/collections/individual/index.php?occid=17021593,,,,
NCU00357361,fl,3,7,8,1956,usa,west virginia,tyler,roadside,,,,,,along Eight Mile Ridge,https://midatlanticherbaria.org/portal/collections/individual/index.php?occid=20866476,,,,
NLU0041732,fl,5,7,8,1980,usa,new hampshire,grafton,border of thicket along CT river,,350ft,,,,Upper Valley Plaza in West Lebanon,https://midatlanticherbaria.org/portal/collections/individual/index.php?occid=8814502,,,,
PH00055239,fl,2,6,22,1934,usa,new jersey,salem,"sand & gravel, roadside along creek",,,39.691074,-75.318015,"WGS84, plus minus 1347m, Point placed along Oldmans Creek ca. 2 miles NNW of Eldridge (not Eldridges as on label) Hill as seen on USGS topo map","along Oldman's Creek, 2 miles NNW of Eldridges Hill",https://midatlanticherbaria.org/portal/collections/individual/index.php?occid=17267438,,,,
PH00388901,fl,5,6,25,2011,usa,pennsylvania,montgomery,roadside opening,,,40.20465,-75.187484,"WGS84, plus minus 381m","along Rt. 152, 0.8 km S of Prospectville",https://midatlanticherbaria.org/portal/collections/individual/index.php?occid=17267682,,,,
sec ID: 9727,fl,,6,25,2021,usa,indiana,orange,open road shoulder,,,38.406476,-86.612361,,Along sr 145 at cr 1025S,https://midatlanticherbaria.org/portal/collections/individual/index.php?occid=28218438,,,,
SNWR000581,fl,1,8,2,1969,usa,michigan,,Seney National Wildlife Refuge,,,,,,NE edge of c-1 pool,https://midatlanticherbaria.org/portal/collections/individual/index.php?occid=10225769,,,,
TENN-V-0177552,fl,2,6,26,1974,usa,tennesee,roane,roadside,,,,,,clinch river breeder reactor site,https://midatlanticherbaria.org/portal/collections/individual/index.php?occid=14634813,,,,
UNCC_25281-2,leaves,,6,28,1967,usa,north carolina,cabarrus,floodplain field,,,,,,Egg Rock Woods on Rocky River on Co.Rd.1608,https://midatlanticherbaria.org/portal/collections/individual/index.php?occid=11251112,,,,
USCS0004718,leaves,,6,26,1989,usa,south carolina,spartanburg,disturbed edge of railroad track,,,,,HAD MAP,RR by Drayton Ave Southeastern portion of Spartanburg,https://midatlanticherbaria.org/portal/collections/individual/index.php?occid=10311570,,,,no. 10071
v0017227WIS,fl,2,6,15,1961,usa,wisconsin,dodge,roadside meadow,,,,,HAD MAP,,https://midatlanticherbaria.org/portal/collections/individual/index.php?occid=5196834,,,,
v0017247WIS,fl,2,7,17,1956,usa,wisconson,dunn,,,,,,,Sunny Brook SW of Elk Mound,https://midatlanticherbaria.org/portal/collections/individual/index.php?occid=5112037,,,,
v0017726WIS,leaves,,9,17,1966,usa,wisconsin,dodge,near pond with rich moist soil,,,,,,1mi NE of Horicon on Hwy 28; S of Hwy 28,https://midatlanticherbaria.org/portal/collections/individual/index.php?occid=5010254,,,,
v0394260WIS,leaves,,7,,1891,usa,new jersey,middlesex,,,,40.565104,-74.337371,"WGS84, plus minus 3036m",Menlo park,https://midatlanticherbaria.org/portal/collections/individual/index.php?occid=21921065,,,,
ALBC000532,fl,3,6,24,1949,usa,michigan,calhoun,in field E. of Hall Lake,,,,,,,https://midatlanticherbaria.org/portal/collections/individual/index.php?occid=5625324,,,,
ALBC000534,leaves,13,8,31,1991,usa,michigan,calhoun,beach-maple forest,,,,,,,https://midatlanticherbaria.org/portal/collections/individual/index.php?occid=5625326,,,,
GVSC001248,fl,1,7,20,1971,usa,michigan,kent,field,,,43.19893,-85.618978,"WGS84, plus minus 313 m",,https://midatlanticherbaria.org/portal/collections/individual/index.php?occid=5528971,,,,
GVSC001249,leaves,4,7,9,1967,usa,michigan,kent,"open grassy field, dry sandy soil",,,42.851381,-85.639593,plus minus 559 m,,https://midatlanticherbaria.org/portal/collections/individual/index.php?occid=5528972,,,,
GVSC001259,fruiting,2,9,15,2008,usa,michigan,kent,overgrown grassy area,,,,,,,https://midatlanticherbaria.org/portal/collections/individual/index.php?occid=5528982,,,,
DSC100515,fl,1,6,4,1956,usa,south carolina,south carolina,"Upland woods stream banks, & rock barrens",,,,,,,https://midatlanticherbaria.org/portal/collections/individual/index.php?occid=5850704,,,,
EMC008606,fl,2,8,21,1972,usa,michigan,washtenaw,"In flower bed, full sun, clay loam soil",,,42.25133,-83.631138," WGS84, plus minus 110 m",,https://midatlanticherbaria.org/portal/collections/individual/index.php?occid=8500689,,,,
UNCC_00727,fl,5,6,21,1967,usa,north carolina,mechlenberg,,,,,,,,https://midatlanticherbaria.org/portal/collections/individual/index.php?occid=10259328,,,,
HLSD001734,leaves,,7,18,2004,usa,michigan,,,,,,,,,https://midatlanticherbaria.org/portal/collections/individual/index.php?occid=5621342,,,,
MISSA002797,fl,1,7,24,1972,usa,mississippi,hattiesburg,,,,31.335041,-89.287018,"WGS84, plus minus 3497m",,https://midatlanticherbaria.org/portal/collections/individual/index.php?occid=5779982,,,,
DSC100495,fl,1,7,24,1966,usa,north carolina,watuga,roadside,,,,,,,https://midatlanticherbaria.org/portal/collections/individual/index.php?occid=5850684,,,,
MISS0058037,fl,3,6,19,1965,usa,tennessee,smith,"In field, rich soil, medium vegetation",,,,,,,https://midatlanticherbaria.org/portal/collections/individual/index.php?occid=5923967,,,,
PH00055277,fruiting,2,9,19,1947,usa,pennsylvania,potter,bottom field along river,,,,,,,https://midatlanticherbaria.org/portal/collections/individual/index.php?occid=17267459,,,,
PH00055289,leaves,,8,28,1941,usa,pennsylvania,bradford,waste place,,,41.605164,-76.644331,plus minus 3131m,,https://midatlanticherbaria.org/portal/collections/individual/index.php?occid=17267471,,,,
PH00055310,leaves,,7,2,1939,usa,pennsylvania,bedford,swampy meadow,,,40.200802,-78.556128,"WGS84, plus minus 3600 m",,https://midatlanticherbaria.org/portal/collections/individual/index.php?occid=17267492,,,,
PH00055315,fl,2,6,26,1962,usa,pennsylvania,bedford,roadside,,,40.136866,-78.269399,plus minus 515m.  WGS84,,https://midatlanticherbaria.org/portal/collections/individual/index.php?occid=17267497,,,,
v0394241WIS,fl,4,7,17,2004,usa,nebraska,cedar,"At municipal dumping yard and lawn waste, weedy, unshaded, much disturbed soil and gravelly areas, flat, surrounded by com and soybean fields and corral of fairground",,,,,,,https://midatlanticherbaria.org/portal/collections/individual/index.php?occid=21921039,,,,
v0394245WIS,fl,1,6,5,1912,usa,indiana,clark,sandy woods,,,,,,,https://midatlanticherbaria.org/portal/collections/individual/index.php?occid=21921047,,,,
v0394270WIS,fruiting,2,7,23,1945,usa,north dakota,cass,field plot,,,,,,,https://midatlanticherbaria.org/portal/collections/individual/index.php?occid=21921410,,,,
v0394280WIS,leaves,,8,6,1996,usa,michigan,chippewa,along road in old fields,,,,,,,https://midatlanticherbaria.org/portal/collections/individual/index.php?occid=21921453,,,,
00375275,fruiting,2,9,23,1920,usa,massachusetts,middlesex,,,,,,,,https://midatlanticherbaria.org/portal/collections/individual/index.php?occid=23084178,,,,
00375308,fl,2,6,30,1895,usa,massachusetts,norfolk,,,,,,,,https://midatlanticherbaria.org/portal/collections/individual/index.php?occid=23084211,,,,
01035970,fl,2,9,,1902,usa,maine,fayette,,,,,,,,https://midatlanticherbaria.org/portal/collections/individual/index.php?occid=23241410,,,,
01035994,fl,1,6,,1898,usa,maine,wells,,,,,,,,https://midatlanticherbaria.org/portal/collections/individual/index.php?occid=23241434,,,,
v0018521WIS,fruiting,4,8,7,1959,usa,wisconsin,columbia,sandy dry prarie,,,43.55177716,-89.3695071,plus minus 569m,,https://midatlanticherbaria.org/portal/collections/individual/index.php?occid=4959942,,,,
v0018518WIS,fl,3,6,26,1959,usa,wisconsin,chippewa,Cattail Marsh along the flood flats of the river. Water lilies. Sagittaria.,,,45.08154222,-91.25779244,plus minus 1138m,,https://midatlanticherbaria.org/portal/collections/individual/index.php?occid=5240325,,,,
v0018519WIS,fl,1,7,2,1950,usa,wisconsin,chippewa,open field,,,,,,,https://midatlanticherbaria.org/portal/collections/individual/index.php?occid=5037793,,,,
v0018520WIS,fl,1,6,18,1886,usa,wisconsin,columbia,,,,,,,,https://midatlanticherbaria.org/portal/collections/individual/index.php?occid=5088649,,,,
v0018522WIS,fl,3,5,28,1987,usa,wisconsin,columbia,"Along cornfield, around parking lot, at edges of prairie. Very common.Perennial from creeping rhizomes. Stem and leaves below softly pubescent. Leaves broadly lanceolate with orange midvein and strong transverse veins. Flowers in umbels on pubescent pedicels. Corolla purple, horns claw-like, hoods flanked by horns. Hoods and horns pale orange. Buds and calyxes hairy.",,,43.41705938,-89.43303057,plus minus 1138m,,https://midatlanticherbaria.org/portal/collections/individual/index.php?occid=5022741,,,,
v0018523WIS,leaves,,9,25,1960,usa,wisconsin,columbia,,,,43.4801005,-89.0362694,plus minus 1138m,,https://midatlanticherbaria.org/portal/collections/individual/index.php?occid=5235266,,,,
BRIT439071,fruiting,1,8,6,1959,usa,michigan,berrien,"old roadside, elevated above creek bottom. dark grey sand with cinders and gravel",,183 meters,,,,,https://midatlanticherbaria.org/portal/collections/individual/index.php?occid=27017999,,,,
BRIT439075,leaves,,6,12,1968,usa,tennessee,rutherford,"old field, clay soil",,,,,,,https://midatlanticherbaria.org/portal/collections/individual/index.php?occid=27018004,,,,
BRIT439076,fl,5,6,12,1968,usa,tennessee,rutherford,"old field, clay soil",,,,,,,https://midatlanticherbaria.org/portal/collections/individual/index.php?occid=27018005,,,,
BRIT439077,leaves,,6,12,1968,usa,tenessee,rutherford,"old field, clay soil",,,,,,,https://midatlanticherbaria.org/portal/collections/individual/index.php?occid=27018006,,,,
v0389900WIS,fruiting,3,8,10,2018,usa,wisconsin,burnett,Early successional pine barrens.,,297 m,45.9052,-92.55425,plus minus 20 m,,https://midatlanticherbaria.org/portal/collections/individual/index.php?occid=25200528,,,,
3529144,fl,3,6,24,2011,usa,missouri,Clark,,,150 m,40.2564,-91.5342,,,https://midatlanticherbaria.org/portal/collections/individual/index.php?occid=27141622,,,,
491066,fruiting ,4,8,28,1967,usa,south dakota,custer,"On 5% south slope; rocky clay soil; ditch bottom in grassland with Agropyron smithii, Bromus japonicus, La[tuca] se[rriola], and Scpa",,869 m,43.8218,102.8562,plus minus 1609m,,https://midatlanticherbaria.org/portal/collections/individual/index.php?occid=1487507,,,,
CHRB0088524,leaves,,8,24,2020,usa,new jersey,sussex,steep dry slope along roadside with a Northwestern aspect,,229 m,41.032739,-74.639426,"WGS84, plus minus 44m",,https://midatlanticherbaria.org/portal/collections/individual/index.php?occid=26973472,,,,
CHRB0088525,leaves,,9,7,2020,usa,new jersey,morris,turf near wooded strip in residential area amongst tall grass,,293 m,40.9448,-74.6198,"WGS84, plus minus 40 m ",,https://midatlanticherbaria.org/portal/collections/individual/index.php?occid=26973473,,,,
CHRB0088526,leaves,,9,9,2020,usa,new jersey,morris,"exceedingly dry, sandy, disturbed soil in Pitch Pine-Scrub Oak forest near river, beside ATV trail",,247 m,41.0348,-74.493,"WGS84, plus minus 225 m ",,https://midatlanticherbaria.org/portal/collections/individual/index.php?occid=26973474,,,,
Collector: W. S. Moffatt,fl,3,7,25,1897,usa,illinois,dupage,,,,,,,,https://midatlanticherbaria.org/portal/collections/individual/index.php?occid=4432415,,,,
"Collector: O. E. Lansing, Jr.",fruiting,4,9,7,1906,usa,illinois,cook,,,,,,,,https://midatlanticherbaria.org/portal/collections/individual/index.php?occid=4432434,,,,
Collector: F. C. Gates,fruiting,1,7,20,1905,usa,illinois,cook,,,,,,,,https://midatlanticherbaria.org/portal/collections/individual/index.php?occid=4432441,,,,
Collector: R. A. DeFilipps,fl,3,7,25,1959,usa,illinois,cook,,,,,,,,https://midatlanticherbaria.org/portal/collections/individual/index.php?occid=4432443,,,,
Collector: F. M. Witt,fruiting,4,9,20,1972,usa,illinois,grundy,,,,41.28781,-88.285618,,,https://midatlanticherbaria.org/portal/collections/individual/index.php?occid=4432436,,,,
Collector: E. B. Uline,fl,3,7,0,1891,usa,indiana,st. joseph,,,,41.683381,-86.250007,,,https://midatlanticherbaria.org/portal/collections/individual/index.php?occid=4432421,,,,
Collector: S. F. Glassman,fl,1,7,22,1972,usa,wisconsin,kenosha,,,,,,,,https://midatlanticherbaria.org/portal/collections/individual/index.php?occid=4432431,,,,
Collector: V. H. Chase,fruiting,,,,,,,,,,,,,,,https://midatlanticherbaria.org/portal/collections/individual/index.php?occid=19607338,,,,
Collector: F. W. Hall,fl,3,0,0,1873,usa,connecticut,new haven,,,,41.30806,-72.92861,,,https://midatlanticherbaria.org/portal/collections/individual/index.php?occid=19607253,,,,
Collector: C. S. Raddin,fl ,1,,,,usa,illinois,cook,,,,,,,,https://midatlanticherbaria.org/portal/collections/individual/index.php?occid=4432449,,,,
Collector: R. N. Lloyd,fl,2,7,7,1887,usa,illinois,cook,,,,41.965588,-87.666723,,,https://midatlanticherbaria.org/portal/collections/individual/index.php?occid=4432413,,,,
"Collector: O. E. Lansing, Jr.",fruiting ,2,8,27,1897,usa,illinois,cook,,,,,,,,https://midatlanticherbaria.org/portal/collections/individual/index.php?occid=4432438,,,,
"Collector: O. E. Lansing, Jr.",fruiting ,4,6,30,1900,usa,illinois,cook,,,,41.752257,-87.552824,,,https://midatlanticherbaria.org/portal/collections/individual/index.php?occid=4432433,,,,
Collector: M. S. Bebb,fl,4,0,0,1871,usa ,illinois,,,,,,,,,https://midatlanticherbaria.org/portal/collections/individual/index.php?occid=19607227,,,,
31973000005130,fl ,3,7,1,1980,usa,kentucky,bracken,meadow-like area between highway and dam.,,,,,,,https://midatlanticherbaria.org/portal/collections/individual/index.php?occid=7363768,,,,
HTTU025530,fl,5,6,24,2000,usa,tennesse,jackson,,,,,,,,https://midatlanticherbaria.org/portal/collections/individual/index.php?occid=16196851,,,,
MDKY00007738,fruiting ,6,8,19,1998,usa,kentucky,rowan,along a stream and a horse trail,,920 ft,38.929,-83.1551,,9.4 miles on route 32 out Laurel Creek,https://midatlanticherbaria.org/portal/collections/individual/index.php?occid=10398264,,,,
MDKY00007743,leaves,,8,4,1995,usa,kentucky,menifee,,,,,,,7 miles east of the intersection of HW 460 and Rt 36,https://midatlanticherbaria.org/portal/collections/individual/index.php?occid=10398206,,,,
USCH0004443,fl,2,7,15,1993,usa,virginia,grayson,"Infrequent with Lysimachia ciliata, Stachys latidens, Helianthus divaricatus at edge of occasionally mowed roadside next to creek;",,,,,,,https://midatlanticherbaria.org/portal/collections/individual/index.php?occid=9369792,,,,
USCH0004444,fl,4,7,7,1992,usa,virginia,augusta,"plants growing on roadside, , VA 634, S of Stuarts Draft at creek crossing.",,,,,,,https://midatlanticherbaria.org/portal/collections/individual/index.php?occid=9323729,,,,
USCH0004445,fl,1,6,25,1986,usa,north carolina,avery,Collected from grass field off of rd 981 at Hughes Ridge.,,,,,,,https://midatlanticherbaria.org/portal/collections/individual/index.php?occid=9314680,,,,
USCH0004446,fl,1,7,24,1966,usa,north carolina,watauga,"Behind Justice Hall, A.S.T.C Campus. Road side.",,,,,,,https://midatlanticherbaria.org/portal/collections/individual/index.php?occid=9322985,,,,
USCH0004447,fruiting ,2,9,10,1966,usa,north carolina,madison,"Railroad track near French Broad River, Hot Springs Herbarium of Univ of S Carolina",,,,,,,https://midatlanticherbaria.org/portal/collections/individual/index.php?occid=9363374,,,,
USCH0057370,fl,4,7,10,2012,usa,illinois,clark,"Martinsville: Coleman Farm, on County Road 550 E. Grassland",,179 m,39.316326,-87.9094,,,https://midatlanticherbaria.org/portal/collections/individual/index.php?occid=24454236,,,,
BRIT73599,fl,3,6,27,1975,usa,tennesse,montgomery,Loamy roadbank.,,,,,,,https://midatlanticherbaria.org/portal/collections/individual/index.php?occid=17560756,,,,
TENN-V-0177545,fl,2,6,17,1990,usa,tennesse,knox,,,,35.865356,-84.061052,"WGS84, plus minus 817 m",,https://midatlanticherbaria.org/portal/collections/individual/index.php?occid=14634219,,,,
TENN-V-0177546,fl,5,6,19,1934,usa,tennesse,knox,,,,35.995089,-83.88881,"WGS84, plus minus 11366 m",,https://midatlanticherbaria.org/portal/collections/individual/index.php?occid=14634220,,,,
TENN-V-0177547,fl,2,,,2003,usa,tennesse,marion,,,,,,,,https://midatlanticherbaria.org/portal/collections/individual/index.php?occid=14634221,,,,
TENN-V-0177548,fl,3,6,7,1998,usa,tennesse,marshall,,,,,,,,https://midatlanticherbaria.org/portal/collections/individual/index.php?occid=14634222,,,,
TENN-V-0177549,fl,4,7,22,1979,usa,tennesse,mongomery,,,,,,,,https://midatlanticherbaria.org/portal/collections/individual/index.php?occid=14634224,,,,
TENN-V-0177550,fl,1,7,13,1993,usa,tennesse,overton,,,,,,,,https://midatlanticherbaria.org/portal/collections/individual/index.php?occid=14634807,,,,
1478,fruiting,1,10,1,1982,usa,michigan,,,,,,,,,https://midatlanticherbaria.org/portal/collections/individual/index.php?occid=4375511,,,,
5579,fruiting,4,10,5,1983,usa,illinois,cook,growing in abandoned prarie,,,,,,,https://midatlanticherbaria.org/portal/collections/individual/index.php?occid=4375512,,,,
1489,fruiting,3,10,5,1983,usa,illinois,cook,growing in abandoned prarie,,,,,,,https://midatlanticherbaria.org/portal/collections/individual/index.php?occid=4375513,,,,
4011,fruiting,4,10,5,1983,usa,illinois,cook,abandoned prarie,,,,,,,https://midatlanticherbaria.org/portal/collections/individual/index.php?occid=4375514,,,,
1480,fruiting,4,10,7,1985,usa,illinois,cook,,,,,,,,https://midatlanticherbaria.org/portal/collections/individual/index.php?occid=4375515,,,,
1479,fruiting,4,8,27,1987,usa,illinois,lee,,,,,,,,https://midatlanticherbaria.org/portal/collections/individual/index.php?occid=4375516,,,,
3599,fl,4,7,11,1990,usa,illinois,kankakee,,,,,,,off roads 450 and 950,https://midatlanticherbaria.org/portal/collections/individual/index.php?occid=4375517,,,,
8527,leaves,,7,2,1996,usa,illinois,cook,Railroad ballast next to pond,,,,,,"Burnham Prairie, Burnham and Calumet Park. Two blocks north of State St. at Alice St. Collected on east side of tracks opposite prairie, above large marsh.",https://midatlanticherbaria.org/portal/collections/individual/index.php?occid=4375518,,,,
8528,fl,4,7,2,1996,usa,illinois,cook,Railroad ballast next to pond,,,,,,"Burnham Prairie, Burnham and Calumet Park. Two blocks north of State St. at Alice St. Collected on east side of tracks opposite prairie, above large marsh.",https://midatlanticherbaria.org/portal/collections/individual/index.php?occid=4375519,,,,
8847,fruiting,2,9,10,1996,usa,illinois,cook,Mesic prairie,,,,,,Sundrop Prairie. 15600 South Kedzie Ave. Markham. Collected in east section north of main path.,https://midatlanticherbaria.org/portal/collections/individual/index.php?occid=4375520,,,,
8846,leaves,,9,10,1996,usa,illinois,cook,Mesic prairie,,,,,,Sundrop Prairie. 15600 South Kedzie Ave. Markham. Collected in east section north of main path.,https://midatlanticherbaria.org/portal/collections/individual/index.php?occid=4375521,,,,
10318,leaves,,6,6,2000,usa,illinois,cook,Chicago Botanic Garden Woodland Nursery,,,,,,Glencoe. Growing in Garden Woodland Nursery.,https://midatlanticherbaria.org/portal/collections/individual/index.php?occid=4375522,,,,
10319,fl,4,6,6,2000,usa,illinois,cook,Chicago Botanic Garden Woodland Nursery,,,,,,Glencoe. Growing in Garden Woodland Nursery.,https://midatlanticherbaria.org/portal/collections/individual/index.php?occid=4375523,,,,
11240,fruiting,3,9,19,2003,usa,wisconsin,shboygan,"Growing densely along roadside; growing on boarder of road at the top of hill, about 50 m from sand dunes",,180 m,43.6726,-87.7153,NAD-83,Near Sheboygan Falls near county road V.,https://midatlanticherbaria.org/portal/collections/individual/index.php?occid=4375524,,,,
16057,fl,2,7,18,2011,usa,illinois,cook,,,,,,,Dixon Prairie,https://midatlanticherbaria.org/portal/collections/individual/index.php?occid=4375525,,,,
14142,fl,4,8,9,2008,usa,minnesota,douglas,common in ditch,,394 m,45.84,-95.75,WGS-84,,https://midatlanticherbaria.org/portal/collections/individual/index.php?occid=4392135,,,,
CALVIN000245,fruiting,6,10,1,2011,usa,michigan,kent,"dry to somewhat moist, roadsides",,,,,,,https://midatlanticherbaria.org/portal/collections/individual/index.php?occid=5603154,,,,
CALVIN000246,leaves,,9,23,1992,usa,michigan,kent,Under small willow on moist soil in marsh on E side of garden.,,,,,,,https://midatlanticherbaria.org/portal/collections/individual/index.php?occid=5603155,,,,
CALVIN000247,leaves,,9,30,1992,usa,michigan,kent,In marsh area on E side of garden.,,,,,,,https://midatlanticherbaria.org/portal/collections/individual/index.php?occid=5603156,,,,
CALVIN000248,fl,4,7,6,1966,usa,south dakota,clay,Adjacent to a temporary slough in a lowland prairie community,,,,,,,https://midatlanticherbaria.org/portal/collections/individual/index.php?occid=5603157,,,,
CALVIN000249,leaves,,5,23,1964,usa,michigan,kent,Open field in sandy soil on a raised portion of the lot,,,,,,,https://midatlanticherbaria.org/portal/collections/individual/index.php?occid=5603158,,,,
CALVIN000250,leaves,3,6,29,1959,usa,south dakota,marshall,,,,,,,,https://midatlanticherbaria.org/portal/collections/individual/index.php?occid=5603159,,,,
CALVIN000251,fl,2,7,30,1966,usa,south dakota,clay,In ditch along RR tracks,,,,,,,https://midatlanticherbaria.org/portal/collections/individual/index.php?occid=5603160,,,,
CALVIN000252,fl,2,7,12,1939,usa,michigan,washtenaw,roadside,,,,,,,https://midatlanticherbaria.org/portal/collections/individual/index.php?occid=5603161,,,,
CALVIN000253,fl,4,8,1,1966,usa,south dakota,clay,abandonned pasture,,,,,,,https://midatlanticherbaria.org/portal/collections/individual/index.php?occid=5603162,,,,
CALVIN000254,fl,1,7,8,1966,usa,south dakota,clay,bludds of missouri river,,,,,,,https://midatlanticherbaria.org/portal/collections/individual/index.php?occid=5603163,,,,
HCHM01422,fl,5,7,9,1975,usa,michigan,ottawa,,,,,,,,https://midatlanticherbaria.org/portal/collections/individual/index.php?occid=5612471,,,,
HCHM01500,fl,1,7,,1972,usa,california,Mariposa,,,,,,,,https://midatlanticherbaria.org/portal/collections/individual/index.php?occid=5612549,,,,
HLSD001147,fl,2,7,19,2011,usa,michigan,,,,,,,,,https://midatlanticherbaria.org/portal/collections/individual/index.php?occid=5620725,,,,
HLSD001734,fl,1,7,18,2004,usa,michigan,,,,,,,,,https://midatlanticherbaria.org/portal/collections/individual/index.php?occid=5621342,,,,
HLSD001735,leaves,,7,18,2004,usa,michigan,,,,,,,,,https://midatlanticherbaria.org/portal/collections/individual/index.php?occid=5621344,,,,
ALBC000532,fl,3,6,24,1949,usa,michigan,calhoun,in field,,,,,,,https://midatlanticherbaria.org/portal/collections/individual/index.php?occid=5625324,,,,
ALBC000533,fl,3,7,15,1949,usa,michigan,calhoun,"weedy, sandy, grassy pasture",,,,,,,https://midatlanticherbaria.org/portal/collections/individual/index.php?occid=5625325,,,,
ALBC000534,leaves,,8,31,1991,usa,michigan,calhoun,beech-maple forest,,,,,,,https://midatlanticherbaria.org/portal/collections/individual/index.php?occid=5625326,,,,
ALBC000536,fruiting,2,8,12,1880,usa,michigan,fallasburg,,,,,,,,https://midatlanticherbaria.org/portal/collections/individual/index.php?occid=5625328,,,,
ALBC000537,fl,2,7,1,1950,usa,wisconsin,juneau,railroad embankment,,,,,,,https://midatlanticherbaria.org/portal/collections/individual/index.php?occid=5625329,,,,
MSC0204917,fl ,3,7,20,2010,usa,michigan,ingham,dry meadow,,,424551,842220.9,,,https://midatlanticherbaria.org/portal/collections/individual/index.php?occid=11159365,,,,
MSC0240987,fl ,2,7,8,1965,usa,michigan,clinton,,,,,,,,https://midatlanticherbaria.org/portal/collections/individual/index.php?occid=11159368,,,,
MSC0243085,fl,1,7,15,1967,usa,michigan,delta,,,,,,,,https://midatlanticherbaria.org/portal/collections/individual/index.php?occid=11159451,,,,
MSC0243054,fl,5,7,5,1964,usa,michigan,oakland,,,,,,,,https://midatlanticherbaria.org/portal/collections/individual/index.php?occid=11159452,,,,
MSC0243053,leaves,,7,18,1967,usa,michigan,,,,,,,,,https://midatlanticherbaria.org/portal/collections/individual/index.php?occid=11159455,,,,
MSC0243021,fl,3,7,,,usa,michigan,,,,,,,,,https://midatlanticherbaria.org/portal/collections/individual/index.php?occid=11159456,,,,
MSC0243026,fl,3,7,8,1965,usa,michigan,clinton,,,,,,,,https://midatlanticherbaria.org/portal/collections/individual/index.php?occid=11159457,,,,
MSC0108290,fruiting,4,10,2,1973,usa,michigan,ingham,,,,,,,,https://midatlanticherbaria.org/portal/collections/individual/index.php?occid=11159458,,,,
MSC0243068,fl,1,7,31,1979,usa,michigan,mason,,,,,,,,https://midatlanticherbaria.org/portal/collections/individual/index.php?occid=11159462,,,,
MSC0243066,fl,4,7,3,1949,usa,michigan,gratiot,pasture,,,,,,,https://midatlanticherbaria.org/portal/collections/individual/index.php?occid=11159464,,,,
MSC0243061,leaves,,7,8,1982,usa,michigan,kalamazoo,,,,,,,,https://midatlanticherbaria.org/portal/collections/individual/index.php?occid=11159466,,,,
MSC0243070,fl,2,,,,usa,michigan,,,,,,,,,https://midatlanticherbaria.org/portal/collections/individual/index.php?occid=11159467,,,,
MSC0243077,fl,3,7,15,1954,usa,michigan,allegan,,,,,,,,https://midatlanticherbaria.org/portal/collections/individual/index.php?occid=11159489,,,,
MSC0243005,fl,1,7,7,1969,usa,michigan,kalamazoo,,,,stated but not readable,,,,https://midatlanticherbaria.org/portal/collections/individual/index.php?occid=11159536,,,,
MSC0243023,fl,4,7,12,1975,usa,michigan,clinton,,,,,,,,https://midatlanticherbaria.org/portal/collections/individual/index.php?occid=11159552,,,,
MSC0241000,fl,3,7,17,1960,usa,michigan,baraga,,,,,,,,https://midatlanticherbaria.org/portal/collections/individual/index.php?occid=11159531,,,,
MSC0243089,leaves,,8,12,1979,usa,mighican,bay,,,,4336,8343,,,https://midatlanticherbaria.org/portal/collections/individual/index.php?occid=11159491,,,,
MSC0243058,fl,3,7,8,1982,usa,michigan,kalamazoo,,,,,,,,https://midatlanticherbaria.org/portal/collections/individual/index.php?occid=11159519,,,,
MSC0243024,fl,1,8,17,,usa,,,,,,,,,,https://midatlanticherbaria.org/portal/collections/individual/index.php?occid=11159551,,,,
MSC0243087,fruiting,5,10,4,1969,usa,michgan,ingham,,,,,,,,https://midatlanticherbaria.org/portal/collections/individual/index.php?occid=11159493,,,,
MSC0243056,fl,2,7,6,1988,usa,michigan,cheboygan,,,,,,,,https://midatlanticherbaria.org/portal/collections/individual/index.php?occid=11159521,,,,
MSC0243080,fl,2,7,4,1980,usa,michigan,berrien,,,,,,,,https://midatlanticherbaria.org/portal/collections/individual/index.php?occid=11159486,,,,
MSC0243051,fl,1,7,22,1961,usa,michigan,washtenaw,,,,,,,,https://midatlanticherbaria.org/portal/collections/individual/index.php?occid=11159510,,,,
MSC0243008,fl,2,8,2,1989,,,,,,,,,,,https://midatlanticherbaria.org/portal/collections/individual/index.php?occid=11159546,,,,
MSC0243074,fl,3,7,20,1953,usa,michigan,otego,,,,,,,,https://midatlanticherbaria.org/portal/collections/individual/index.php?occid=11159479,,,,
DES00012301,fl,3,6,24,1975,usa,missouri,johnson,open field,,,38.75505,-93.726646,plus minus 598  m,,https://midatlanticherbaria.org/portal/collections/individual/index.php?occid=3081838,,,,
DES00018146,fl,1,6,27,1979,usa,new york,rockland,"second growth mixed woodland, aciduleus soil",,168 m,41.153428,-74.043,,,https://midatlanticherbaria.org/portal/collections/individual/index.php?occid=3081870,,,,
KHD00001821,fl,1,,,,usa,nebraska,peru,waste places,,,40.477368,-95.731373,"plus mins 1170 m, WGS84",,https://midatlanticherbaria.org/portal/collections/individual/index.php?occid=3285876,,,,
KHD00001820,fl,3,7,8,1958,usa,pennsylvania,northumberland,,,,40.979855,-76.850798,"plus minus 5241 m, WGS84",,https://midatlanticherbaria.org/portal/collections/individual/index.php?occid=3285875,,,,
KHD00001818,fl,2,7,7,1932,usa,nebraska,peru,low damp places,,,40.477368,-95.731373,"plus minus 1170 m, WGS84",,https://midatlanticherbaria.org/portal/collections/individual/index.php?occid=3285873,,,,
1481,fl,3,,,,usa,illinois,,,,,,,,,https://midatlanticherbaria.org/portal/collections/individual/index.php?occid=4375370,,,,
1478,fruiting,1,10,1,1982,usa,michigan,,,,,,,,,https://midatlanticherbaria.org/portal/collections/individual/index.php?occid=4375511,,,,
5579,fruiting,4,10,5,1983,usa,illinois,cook,growing in abandoned prairie,,,,,,,https://midatlanticherbaria.org/portal/collections/individual/index.php?occid=4375512,,,,
1489,fruiting ,3,10,5,1983,usa,illinois,cook,abandoned prairie site,,,,,,,https://midatlanticherbaria.org/portal/collections/individual/index.php?occid=4375513,,,,
6043,fruiting,4,10,5,1983,usa,illinois,cook,abandoned prairie site,,,,,,,https://midatlanticherbaria.org/portal/collections/individual/index.php?occid=4375514,,,,
1480,fruiting,4,10,7,1985,usa,illinois,cook,,,,,,,,https://midatlanticherbaria.org/portal/collections/individual/index.php?occid=4375515,,,,
1479,fruiting,5,8,27,1987,usa,illinois,lee,,,,,,,nachusa grassland,https://midatlanticherbaria.org/portal/collections/individual/index.php?occid=4375516,,,,
3599,fl,4,7,11,1990,usa,illinois,kankakee,,,,,,,,https://midatlanticherbaria.org/portal/collections/individual/index.php?occid=4375517,,,,
8527,leaves,,7,2,1996,usa,illinois,cook,railroad ballast next to pond,,,,,,,https://midatlanticherbaria.org/portal/collections/individual/index.php?occid=4375518,,,,
8528,fl,4,7,2,1996,usa,illinois,cook,railroad ballast next to pond,,,,,,,https://midatlanticherbaria.org/portal/collections/individual/index.php?occid=4375519,,,,
8847,fruiting,2,9,10,1996,usa,illinois,cook,mesic prairie,,,,,,,https://midatlanticherbaria.org/portal/collections/individual/index.php?occid=4375520,,,,
8846,leaves,,9,10,1996,usa,illinois,cook,mesic prairie,,,,,,,https://midatlanticherbaria.org/portal/collections/individual/index.php?occid=4375521,,,,
10318,leaves,,6,6,2000,usa,illinois,cook,Chicago Botanic Garden Woodland Nursery,,,,,,,https://midatlanticherbaria.org/portal/collections/individual/index.php?occid=4375522,,,,
10319,fl,5,6,6,2000,usa,illinois,cook,Chicago Botanic Garden Woodland Nursery,,,,,,,https://midatlanticherbaria.org/portal/collections/individual/index.php?occid=4375523,,,,
11240,fruiting,3,9,19,2003,usa,wisconsin,sheboygan,"Growing densely along roadside; growing on boarder of road at the top of hill, about 50 m from sand dunes",,180 m,43.6726,-87.7153,NAD-83,,https://midatlanticherbaria.org/portal/collections/individual/index.php?occid=4375524,,,,
EMC008605,fl,1,8,21,1972,usa,michigan,washtenas,"in flower bed, full sun, clay loam soil",,,42.25133,-83.631138,"plus minus 110m, WGS84",,https://midatlanticherbaria.org/portal/collections/individual/index.php?occid=8507257,,,,
EMC008612,fl,4,8,6,1963,usa,michigan,ostego,"Sandy, gravelly roadisde, sun to partial shade.",,,44.935404,-84.394283,"plus minus 388 m, WGS84",,https://midatlanticherbaria.org/portal/collections/individual/index.php?occid=8508298,,,,
EMC008604,fl,5,8,9,1967,usa,michigan,washtenaw,on edge of field. dry and open,,,42.257394,-83.612376,"plus minus 586m, WGS84",,https://midatlanticherbaria.org/portal/collections/individual/index.php?occid=8510477,,,,
MSC0163064,fl,3,7,18,1972,usa,michigan,ingham,,,,,,,,https://midatlanticherbaria.org/portal/collections/individual/index.php?occid=8953650,,,,
MSC0163065,fl,1,7,15,2011,usa,michigan,ingham,open field,,,424250.8,-842839.3,,,https://midatlanticherbaria.org/portal/collections/individual/index.php?occid=8953692,,,,
11542,fl,3,7,3,1931,usa,new hampshire,hillsborough,field,,,42.8667,-71.95,,,https://midatlanticherbaria.org/portal/collections/individual/index.php?occid=19330693,,,,
236708,fl,4,6,22,1997,usa,minnesota,clearwater,on a gravel path in a disturbed habitat,,,46,-94,,,https://midatlanticherbaria.org/portal/collections/individual/index.php?occid=19330694,,,,
12592,fl,4,7,28,1913,usa,new hampshire,rockingham,sunny roadside,,,42.8806,-71.3273,,,https://midatlanticherbaria.org/portal/collections/individual/index.php?occid=19330695,,,,
266648,fl,2,7,9,2009,usa,wisconsin,walworth,"NW margin of somewhat elevated, marshy wetland, disturbed glacial terrain; with Salix, Cornus, and Ulmus.",,,42.4979,-88.3137,,,https://midatlanticherbaria.org/portal/collections/individual/index.php?occid=19330696,,,,
239427,fruiting,1,9,19,2000,usa,illinois,mchenry,"Old field vegetation around impounded bass pond, above level of valley floor, spring - seep fed, calcareous.",,240 m,42.2656,-88.2861,,,https://midatlanticherbaria.org/portal/collections/individual/index.php?occid=19330697,,,,
22370,fruiting,2,9,11,1910,usa,new hampshire,hillsborough,roadside,,,42.8667,-71.95,,,https://midatlanticherbaria.org/portal/collections/individual/index.php?occid=19330698,,,,
20280,fl,2,7,8,1956,usa,west virginia,Tyler,roadside,,,,,,,https://midatlanticherbaria.org/portal/collections/individual/index.php?occid=19330699,,,,
73619,fruiting,7,8,0,1923,usa,new york,warren,,,,43.7312,-73.8193,,,https://midatlanticherbaria.org/portal/collections/individual/index.php?occid=19330700,,,,
51805,fl,2,7,25,1954,usa,new york,albany,roadside,,475 m,42.5152,-74.1343,,,https://midatlanticherbaria.org/portal/collections/individual/index.php?occid=19330701,,,,
27712,fl,1,7,12,1883,usa,massachusetts,norfolk,,,,,,,,https://midatlanticherbaria.org/portal/collections/individual/index.php?occid=19330702,,,,
85505,fl,1,0,0,1840,usa,pennsylvania,lehigh,,,,40.6259,-75.3705,,,https://midatlanticherbaria.org/portal/collections/individual/index.php?occid=19330720,,,,
111301,leaves,,7,24,1967,usa,pennsylvania,butler,side of hill in wooded area,,396 m ,40.1126,-79.3825,,,https://midatlanticherbaria.org/portal/collections/individual/index.php?occid=19330721,,,,
130501,fruiting,2,7,27,1977,usa,minnesota,norman,"weedy prairie remnant, disturbed slope",,,47.1667,-96.25,,,https://midatlanticherbaria.org/portal/collections/individual/index.php?occid=19330722,,,,
267227,fl,3,7,7,2010,usa,delaware,sussex,roadside,,,30.9997,-76.4811,,,https://midatlanticherbaria.org/portal/collections/individual/index.php?occid=19330723,,,,
161262,fruiting,1,9,6,1980,usa,maryland,baltimore,roadside,,,,,,,https://midatlanticherbaria.org/portal/collections/individual/index.php?occid=19330724,,,,
269162,fruiting,3,9,22,1976,usa,wisconsin,trempealeau,roadside weeds in dry ditch,,,44.45,-91.3,,,https://midatlanticherbaria.org/portal/collections/individual/index.php?occid=19330725,,,,
82153,fl,1,7,24,1966,usa,north carolina,watauga,roadside,,1036 m,,,,,https://midatlanticherbaria.org/portal/collections/individual/index.php?occid=19331070,,,,
115402,fl,6,7,19,1971,usa,tennesse,hamblem,roadbank,,,,,,,https://midatlanticherbaria.org/portal/collections/individual/index.php?occid=19331071,,,,
44235,fl,1,7,24,1958,usa,north carolina,avery,woodland - roadside boarder,,,,,,,https://midatlanticherbaria.org/portal/collections/individual/index.php?occid=19331072,,,,
44234,fl,5,7,24,1958,usa,north carolina,avery,woodland - roadside boarder,,,,,,,https://midatlanticherbaria.org/portal/collections/individual/index.php?occid=19331073,,,,
129805,fl,2,7,28,1977,usa,tennesse,cocke,open field,,,,,,,https://midatlanticherbaria.org/portal/collections/individual/index.php?occid=19331074,,,,
270186,fl,4,7,15,2013,usa,maryland,caroline,edge of wet roadside ditch,,,38.7268,-75.9131,,,https://midatlanticherbaria.org/portal/collections/individual/index.php?occid=19333812,,,,
272322,fl,3,6,8,2013,usa,delaware,sussex,roadside,,,38.4558,-75.2061,,,https://midatlanticherbaria.org/portal/collections/individual/index.php?occid=19338507,,,,
PH00055280,fl,4,7,10,1941,usa,pennsylvania,centre,old orchard,,,40.971463,-77.89595,"WGS84, plus minus 5847 m",,https://midatlanticherbaria.org/portal/collections/individual/index.php?occid=17267462,,,,
PH00055281,fl,4,7,1,1941,usa,pennsylvania,centre,old field,,,,,,,https://midatlanticherbaria.org/portal/collections/individual/index.php?occid=17267463,,,,
PH00055282,fl,1,7,8,1939,usa,pennsylvania,centre,waste fields,,,40.876981,-77.788272,plus minus 2295m,,https://midatlanticherbaria.org/portal/collections/individual/index.php?occid=17267464,,,,
PH00055283,fl,1,7,24,1950,usa,pennsylvania,blair,dry mountain roadside,,,40.540844,78.465189,plus minus 1246 m,,https://midatlanticherbaria.org/portal/collections/individual/index.php?occid=17267465,,,,
PH00055284,fl,3,7,20,1948,usa,pennsylvania,huntingdon,weedy bottom,,,40.260079,-78.076394,"WGS84, plus minus 3036 m",,https://midatlanticherbaria.org/portal/collections/individual/index.php?occid=17267466,,,,
PH00055285,fl,1,8,8,1947,usa,pennsylvania,huntingdon,waste place around abandoned buildings,,,40.33397,-78.018442,plus minus 502 m,,https://midatlanticherbaria.org/portal/collections/individual/index.php?occid=17267467,,,,
PH00055286,fruiting,3,7,31,1937,usa,pennsylvania,centre,roadside,,,40.793395,-77.860001,plus minus 4082 m,,https://midatlanticherbaria.org/portal/collections/individual/index.php?occid=17267468,,,,
PH00055287,fruiting,1,9,8,1954,usa,pennsylvania,adams,dry field,,,39.915878,-77.036464,plus minus 752 m,Point placed along the E bank of Conewago Creek ca. 1.5 miles SE of Hampton.,https://midatlanticherbaria.org/portal/collections/individual/index.php?occid=17267469,,,,
PH00055288,fl,4,6,26,1941,usa,pennsylvania,adams,roadside,,,39.942351,-77.07502,plus minus 1083 m,,https://midatlanticherbaria.org/portal/collections/individual/index.php?occid=17267470,,,,
PH00055289,fruiting,1,8,28,1941,usa,pennsylvania,bradford,waste place,,,41.605164,-76.644331,plus minus 3131 m,"Point placed in State Game Lands 12, Overton Township.",https://midatlanticherbaria.org/portal/collections/individual/index.php?occid=17267471,,,,
PH00055290,fl,3,7,28,1956,usa,pennsylvania,bradford,roadeside waste area in alluvial bottom,,,41.964148,-76.516091,plus minus 939 m,,https://midatlanticherbaria.org/portal/collections/individual/index.php?occid=17267472,,,,
PH00055291,fl,1,6,19,1959,usa,pennsylvania,bradford,roadside and edge of wooded bank,,,41.668698,-76.730475,plus minus 647 m,,https://midatlanticherbaria.org/portal/collections/individual/index.php?occid=17267473,,,,
PH00055292,leaves,,8,7,1958,usa,pennsylvania,columbia,roadside thicket,,,41.081011,-76.588482,"WGS84, plus minus 736 m",,https://midatlanticherbaria.org/portal/collections/individual/index.php?occid=17267474,,,,
PH00055293,leaves,,6,10,1949,usa,pennsylvania,cumberland,grassy place around pond,,,40.128422,-77.407208,"WGS84, plus minus 771 m",,https://midatlanticherbaria.org/portal/collections/individual/index.php?occid=17267475,,,,
PH00055294,leaves,,7,13,1949,usa,pennsylvania,cumberland,marshy bottom,,,,,,,https://midatlanticherbaria.org/portal/collections/individual/index.php?occid=17267476,,,,
PH00055295,leaves,,6,10,1940,usa,pennsylvania,dauphin,dry field along creek,,,40.364161,-76.930148,plus minus 126 m,,https://midatlanticherbaria.org/portal/collections/individual/index.php?occid=17267477,,,,
PH00055296,fl,4,6,30,1952,usa,pennsylvania,dauphin,abandoned field,,140 m,40.548967,-76.853875,plus minus 745 m ,,https://midatlanticherbaria.org/portal/collections/individual/index.php?occid=17267478,,,,
PH00055297,fl,1,6,24,1952,usa,pennsylvania,dauphin,,,171 m,40.567865,-76.76516,"WGS84, plus minus 333 m",,https://midatlanticherbaria.org/portal/collections/individual/index.php?occid=17267479,,,,
PH00055298,fl,3,7,28,1953,usa,pennsylvania,dauphin,school lot,,122 m,40.272043,-76.716099,WGS84,Georeference transferred from dupe. at CM.,https://midatlanticherbaria.org/portal/collections/individual/index.php?occid=17267480,,,,
PH00055299,fl,2,6,13,1959,usa,pennsylvania,dauphin,margin of pastured meadow,,,40.213424,-76.640337,plus mius 995 m,,https://midatlanticherbaria.org/portal/collections/individual/index.php?occid=17267481,,,,
PH00055300,fl,2,6,13,1959,usa,pennsylvania,dauphin,waste ground,,,40.206598,-76.772028,plus minus 1622 m,,https://midatlanticherbaria.org/portal/collections/individual/index.php?occid=17267482,,,,
PH00055301,fl,1,6,20,1939,usa,pennsylvania,juniata,rocky stream bed,,130 m,40.645823,-76.961522,plus minus 952 m,Point placed along the West Branch of Mahantango Creek ca. 2.5 miles ENE of Oriental. Note: This is across the line into Snyder County.,https://midatlanticherbaria.org/portal/collections/individual/index.php?occid=17267483,,,,
PH00055302,fl,1,7,20,1908,usa,pennsylvania,lebanon,,,,40.247593,-76.46941,"WGS84, plus minus 1060 m",,https://midatlanticherbaria.org/portal/collections/individual/index.php?occid=17267484,,,,
PH00055303,fl,1,6,27,1954,usa,pennsylvania,lebanon,abandoned iron plant,,143 m,40.34398,-76.446629,"WGS84, plus minus 546 m",,https://midatlanticherbaria.org/portal/collections/individual/index.php?occid=17267485,,,,
PH00055304,fl,3,7,17,1940,usa,pennsylvania,montour,wooded ridge,,,41.051684,-76.703589,plus minus 618 m,,https://midatlanticherbaria.org/portal/collections/individual/index.php?occid=17267486,,,,
PH00055305,fl,1,6,18,1952,usa,pennsylvania,northumberland,brushy alluvial bottom,,,41.125083,-76.820835,"WGS84, plus minus 1074 m",Point placed along Delaware Run ca. 3.5 miles NE of Watsontown.,https://midatlanticherbaria.org/portal/collections/individual/index.php?occid=17267487,,,,
PH00055306,fl,3,8,13,1952,usa,pennsylvania,perry,roadside and edge of waste field,,,40.347438,-77.207022,"WGS84, plus minus 1155 m",Point placed 3 miles NW of Shermans Dale.,https://midatlanticherbaria.org/portal/collections/individual/index.php?occid=17267488,,,,
PH00055307,fl,1,6,21,1939,usa,pennsylvania,snyder,roadside,,175 m,40.701473,-77.332096,plus minus 383,,https://midatlanticherbaria.org/portal/collections/individual/index.php?occid=17267489,,,,
PH00055308,fruiting ,5,8,19,1947,usa,pennsylvania,armstrong,bottom field,,,40.847162,-79.642719,plus minus 607 m,,https://midatlanticherbaria.org/portal/collections/individual/index.php?occid=17267490,,,,
PH00055309,fruiting,1,8,12,1954,usa,pennsylvania,beaver,brushy bottom along small stream,,,40.714854,-80.166555,plus minus 619 m,,https://midatlanticherbaria.org/portal/collections/individual/index.php?occid=17267491,,,,
PH00055310,fl,1,7,2,1939,usa,pennsylvania,bedford,swampy meadow,,384 m ,40.200802,-78.556128,"WGS84, 3600 m",,https://midatlanticherbaria.org/portal/collections/individual/index.php?occid=17267492,,,,
PH00055311,fl,2,7,25,1946,usa,pennsylvania,bedford,swale,,450 m ,40.28823,-78.507516,"WGS84, plus minus 1194 m ",,https://midatlanticherbaria.org/portal/collections/individual/index.php?occid=17267493,,,,
PH00055312,fl,3,7,3,1947,usa,pennsylvania,bedford,swale,,421 m,40.063059,-78.662595,"WGS84, plus minus 1108 m",,https://midatlanticherbaria.org/portal/collections/individual/index.php?occid=17267494,,,,
PH00055313,fl,2,7,22,1947,usa,pennsylvania,bedford,roadside,,323 m,39.828821,-78.495855,"WGS84, plus minus 607 m",,https://midatlanticherbaria.org/portal/collections/individual/index.php?occid=17267495,,,,
PH00055314,fl,3,7,22,1947,usa,pennsylvania,bedford,woodlander boarder,,277 m,39.72529,-78.438903,"WGS84, plus minus 1119 m ",,https://midatlanticherbaria.org/portal/collections/individual/index.php?occid=17267496,,,,
PH00055315,fl,2,6,26,1962,usa,pennsylvania,bedford,roadside,,274 m,40.136866,-78.269399,"WGS84, plus minus 515 m",,https://midatlanticherbaria.org/portal/collections/individual/index.php?occid=17267497,,,,
PH00055316,fl,4,6,30,1946,usa,pennsylvania,butler,stony slope,,,41.060573,-80.040521,plus minus 1161 m,,https://midatlanticherbaria.org/portal/collections/individual/index.php?occid=17267498,,,,
PH00055317,fl,3,6,25,1951,usa,pennsylvania,butler,thicket on waste land,,,40.861174,-79.914494,plus minus 1244 m,,https://midatlanticherbaria.org/portal/collections/individual/index.php?occid=17267499,,,,
PH00055318,leaves,,6,20,1939,usa,pennsylvania,snyder,open roadside,,,40.64681,-76.966308,plus minus 753 m,,https://midatlanticherbaria.org/portal/collections/individual/index.php?occid=17267500,,,,
PH00055319,fl,2,6,25,1939,usa,pennsylvania,snyder,dry roadside,,,40.824871,-77.205261,"WGS84, plus minus 3010 m",,https://midatlanticherbaria.org/portal/collections/individual/index.php?occid=17267501,,,,
PH00055320,fl,2,8,0,1914,usa,pennsylvania,sullivan,,,,41.455392,-76.280437,,,https://midatlanticherbaria.org/portal/collections/individual/index.php?occid=17267502,,,,
PH00055321,fl,2,7,19,1945,usa,pennsylvania,sullivan,roadsides,,,41.41413,-76.579233,plus minus 901 m,,https://midatlanticherbaria.org/portal/collections/individual/index.php?occid=17267503,,,,
PH00055322,fruiting,2,9,6,1949,usa,pennsylvania,tioga,gravelly lowland along stream,,,41.766504,-77.557484,plus minus 350 m,,https://midatlanticherbaria.org/portal/collections/individual/index.php?occid=17267504,,,,
PH00055323,fruiting,1,8,7,1959,usa,pennsylvania,tioga,waste ground,,,41.783963,-76.998298,plus minus 400 m,,https://midatlanticherbaria.org/portal/collections/individual/index.php?occid=17267505,,,,
PH00055324,fl,4,6,22,1939,usa,pennsylvania,union,thickets along river margin,,,41.037422,-76.861329,"WGS84, plus minus 631 m",,https://midatlanticherbaria.org/portal/collections/individual/index.php?occid=17267506,,,,
PH00055325,fl,3,8,21,1946,usa,pennsylvania,york,weedy field,,,39.999227,-76.680244,"WGS84, plus minus 829 m ",,https://midatlanticherbaria.org/portal/collections/individual/index.php?occid=17267507,,,,
PH00055326,fruiting,4,8,17,1946,usa,pennsylvania,york,weedy band between road and creek,,,39.946646,-76.674904,"WGS84, plus minus 2446 m",,https://midatlanticherbaria.org/portal/collections/individual/index.php?occid=17267508,,,,
PH00055327,fl,3,7,31,1945,usa,pennsylvania,york,weedy roadside,,,40.011408,-76.981798,"WGS84, plus minus 1310 m",,https://midatlanticherbaria.org/portal/collections/individual/index.php?occid=17267509,,,,
PH00055328,fruiting,1,8,7,1947,usa,pennsylvania,york,waste place around buildings,,,39.855465,-76.607188,"WGS84, plus minus 633 m",,https://midatlanticherbaria.org/portal/collections/individual/index.php?occid=17267510,,,,
PH00055329,fl,2,7,13,1948,usa,pennsylvania,clarion,bushy bottom,,,41.018357,-79.38465,"WGS84, plus minus 2973 m",,https://midatlanticherbaria.org/portal/collections/individual/index.php?occid=17267511,,,,
PH00055330,fl,1,6,17,1941,usa,pennsylvania,clarion,roadside meadow,,,41.273687,-79.538305,plus minus 653 m,,https://midatlanticherbaria.org/portal/collections/individual/index.php?occid=17267512,,,,
PH00055331,fl,2,7,26,1952,usa,pennsylvania,clarion,wet area in field,,,41.119207,-79.458061,plus minus 829 m,,https://midatlanticherbaria.org/portal/collections/individual/index.php?occid=17267513,,,,
PH00055332,fl,2,7,17,1952,usa,pennsylvania,erie,roadside through bushy bottom along run,,,41.918807,-79.733972,"WGS84, plus minus 664 m",,https://midatlanticherbaria.org/portal/collections/individual/index.php?occid=17267514,,,,
PH00055333,fl,3,7,18,1952,usa,pennsylvania,clearfield,brushy bottom around pond,,,41.163695,-78.668638,plus minus 900 m,,https://midatlanticherbaria.org/portal/collections/individual/index.php?occid=17267515,,,,
PH00055334,fl,3,7,15,1957,usa,pennsylvania,clearfield,roadside through woods,,,41.0756,-78.593491,plus minus 952 m,,https://midatlanticherbaria.org/portal/collections/individual/index.php?occid=17267516,,,,
PH00055335,fruiting ,6,8,22,1952,usa,pennsylvania,crawford,roadside through marshy area along Lake Creek,,,41.56941,-79.979323,"WGS84, plus minus 1408",,https://midatlanticherbaria.org/portal/collections/individual/index.php?occid=17267517,,,,
PH00055336,fl,1,7,29,1944,usa,pennsylvania,elk,along railroad,,,,,,,https://midatlanticherbaria.org/portal/collections/individual/index.php?occid=17267518,,,,
PH00055337,fl,1,7,16,1919,usa,pennsylvania,erie,creek,,,42.024104,-80.370517,"WGS84, plus minus 945 m",,https://midatlanticherbaria.org/portal/collections/individual/index.php?occid=17267519,,,,
PH00055338,fruiting ,1,9,15,1947,usa,pennsylvania,jefferson,brushy bottom,,,40.964576,-78.878766,"WGS84, plus minus 1107 m",,https://midatlanticherbaria.org/portal/collections/individual/index.php?occid=17267520,,,,
PH00055339,fruiting,1,9,15,1950,usa,pennsylvania,jefferson,rich weedy waste place in field,,,41.25345,-79.004883,"WGS84, plus minus 1009 m ",,https://midatlanticherbaria.org/portal/collections/individual/index.php?occid=17267521,,,,
PH00057283,fruiting,2,9,8,1948,usa,new jersey,warren,fallow field,,,40.917517,-75.08332,"WGS84, plus minus 1364 m",,https://midatlanticherbaria.org/portal/collections/individual/index.php?occid=17267522,,,,
PH00057284,fruiting,2,8,24,1948,usa,new jersey,warren,fallow field,,,40.653279,-75.120643,"WGS84, plus minus 607 m",,https://midatlanticherbaria.org/portal/collections/individual/index.php?occid=17267523,,,,
PH00058482,fl,2,7,24,1950,usa,pennsylvania,cambria,rich woods and roadside,,,40.658905,-78.49252,"WGS84, plus minus 735 m",,https://midatlanticherbaria.org/portal/collections/individual/index.php?occid=17267524,,,,
PH00058483,fl,3,6,29,1955,usa,pennsylvania,mercer,alluvial bottom,,,41.320371,-80.33863,"WGS84, plus minus 610 m",,https://midatlanticherbaria.org/portal/collections/individual/index.php?occid=17267525,,,,
PH00058484,fl,3,7,8,1954,usa,pennsylvania,mercer,roadside and edge of field,,,41.334177,-80.082282,"WGS84, plus minus 2704 m",,https://midatlanticherbaria.org/portal/collections/individual/index.php?occid=17267526,,,,
PH00058485,fl,1,7,19,1947,usa,pennsylvania,mercer,alluvial creek bottom,,,41.475843,-80.021284,"WGS84, plus minus 522 m",,https://midatlanticherbaria.org/portal/collections/individual/index.php?occid=17267527,,,,
PH00058486,fruiting ,1,8,16,1950,usa,pennsylvania,mckean,dry roadside along creek,,,41.961567,-78.81152,"WGS84, plus minys 11966 m",,https://midatlanticherbaria.org/portal/collections/individual/index.php?occid=17267528,,,,
PH00058487,fruiting,2,8,15,1950,usa,pennsylvania,mckean,dry ground,,,41.989304,-78.57356,plus minus 373 m,,https://midatlanticherbaria.org/portal/collections/individual/index.php?occid=17267529,,,,
PH00058488,fl,2,6,20,1950,usa,pennsylvania,mckean,roadside,,,41.998397,-78.27084,plus minus 89 m,,https://midatlanticherbaria.org/portal/collections/individual/index.php?occid=17267530,,,,
PH00058489,fl,4,7,21,1964,usa,pennsylvania,somerset,wooded roadside,,750 m,40.202578,-78.703075,"WGS84, plus minus 3036m",,https://midatlanticherbaria.org/portal/collections/individual/index.php?occid=17267531,,,,
PH00058490,fl,5,6,18,1951,usa,pennsylvania,warren,railroad embankment through swamp,,,41.985447,-79.138185,"WGS84, plus minus 903 m",,https://midatlanticherbaria.org/portal/collections/individual/index.php?occid=17267532,,,,
PH00058491,fl,3,6,21,1950,usa,pennsylvania,warren,thickets,,,41.979161,-78.933372,"WGS84, plus minus 1390 m",,https://midatlanticherbaria.org/portal/collections/individual/index.php?occid=17267533,,,,
PH00059985,fl,3,8,18,1950,usa,pennsylvania,cameron,dry roadside bank,,,41.562662,-78.303702,"WGS84, plus minus 4955 m",,https://midatlanticherbaria.org/portal/collections/individual/index.php?occid=17267534,,,,
PH00060318,fl ,1,7,7,2009,usa,pennsylvania,montgomery,roadside,,,40.204599,-75.187466,"WGS84, plus minus 509 m",,https://midatlanticherbaria.org/portal/collections/individual/index.php?occid=17267535,,,,
PH00060319,fl,1,7,7,2009,usa,pennsylvania,montgomery,roadside,,,40.204599,-75.187466,"WGS84, plus minus 509 m",,https://midatlanticherbaria.org/portal/collections/individual/index.php?occid=17267536,,,,
PH00060320,fl,4,7,10,2009,usa,pennsylvania,montgomery,early successional old field along Rt. 73,,,40.297051,-75.520721,"WGS84, plus minus 868 m",,https://midatlanticherbaria.org/portal/collections/individual/index.php?occid=17267537,,,,
PH00060321,fl,4,7,10,2009,usa,pennsylvania,montgomery,early successional old field along Rt. 73,,,40.297051,-75.520721,"WGS84, plus minus 868 m",,https://midatlanticherbaria.org/portal/collections/individual/index.php?occid=17267538,,,,
PH00060322,fl,7,8,1,2009,usa,pennsylvania,northampton,opening along Rt. 611,,,40.67773,-75.18463,,,https://midatlanticherbaria.org/portal/collections/individual/index.php?occid=17267539,,,,
PH00060323,fl,4,8,1,2009,usa,pennsylvania,northampton,opening along Rt. 611,,,40.67773,-75.18463,plus minus 1000 m,,https://midatlanticherbaria.org/portal/collections/individual/index.php?occid=17267540,,,,
PH00060324,fl,5,8,1,2009,usa,pennsylvania,northampton,opening along Rt. 611,,,40.67773,-75.18463,,,https://midatlanticherbaria.org/portal/collections/individual/index.php?occid=17267541,,,,
PH00388837,fl,3,7,1,1986,usa,pennsylvania,schuylkill,common in open disturbed soil,,183 m,40.64441,-75.997268,"WGS84, plus minus 1807 m",,https://midatlanticherbaria.org/portal/collections/individual/index.php?occid=17267618,,,,
PH00388838,fl,2,6,24,2011,usa,pennsylvania,philadelphia,meadow,,,40.090985,-75.223321,"WGS84, plus minus 120 m",,https://midatlanticherbaria.org/portal/collections/individual/index.php?occid=17267619,,,,
PH00388839,fl,4,6,24,2011,usa,pennsylvania,philadelphia,,,,40.090985,-75.223321,"WGS84, plus minus 120 m",,https://midatlanticherbaria.org/portal/collections/individual/index.php?occid=17267620,,,,
PH00388840,fl,4,6,30,2011,usa,pennsylvania,northampton,roadside,,,40.917238,-75.111565,"WGS84, plus minus 622 m",,https://midatlanticherbaria.org/portal/collections/individual/index.php?occid=17267621,,,,
PH00388847,fl,4,6,30,2011,usa,pennsylvania,northampton,roadside,,,40.644407,-75.198585,"WGS84, plus minus 275m",,https://midatlanticherbaria.org/portal/collections/individual/index.php?occid=17267628,,,,
PH00388848,fl,4,6,30,2011,usa,pennsylvania,northampton,roadside,,,40.644407,-40.644407,"WGS84, plus minus 275 m",,https://midatlanticherbaria.org/portal/collections/individual/index.php?occid=17267629,,,,
PH00388849,fl,5,7,19,2005,usa,pennsylvania,crawford,12.9 -ha old-growth tract of Hemlock Northern Hardwoods Palustrine Forest dissected by Linesville Creek; Fuderal roadside,,,,,,,https://midatlanticherbaria.org/portal/collections/individual/index.php?occid=17267630,,,,
PH00388850,fl,4,6,21,2011,usa,pennsylvania,berks,"old field, pine swamp",,,40.184817,-75.797855,plus minus 1000 m,,https://midatlanticherbaria.org/portal/collections/individual/index.php?occid=17267631,,,,
PH00388851,fl,5,6,21,2011,usa,pennsylvania,berks,"old field, pine swamp",,,40.184817,-75.797855,plus minus 1000 m,,https://midatlanticherbaria.org/portal/collections/individual/index.php?occid=17267632,,,,
PH00388852,fl,6,6,21,2011,usa,pennsylvania,berks,"old field, pine swamp",,,40.184817,-75.797855,plus minus 1000 m,,https://midatlanticherbaria.org/portal/collections/individual/index.php?occid=17267633,,,,
PH00388853,fl,4,6,21,2011,usa,pennsylvania,berks,roadside,,,40.208537,-75.783608,plus minus 1000 m,,https://midatlanticherbaria.org/portal/collections/individual/index.php?occid=17267634,,,,
PH00388859,fl,2,6,15,2011,usa,pennsylvania,bucks,meadow/hayfield,,,40.468294,-75.12063,plus minus 1000 m,,https://midatlanticherbaria.org/portal/collections/individual/index.php?occid=17267640,,,,
PH00388865,fl,2,6,26,2011,usa,pennsylvania,bucks,roadside opening,,,40.31789,-75.207663,plus minus 1000 m,,https://midatlanticherbaria.org/portal/collections/individual/index.php?occid=17267646,,,,
PH00388866,fl,5,6,26,2011,usa,pennsylvania,bucks,roadside opening,,,40.31789,-75.207663,plus minus 1000 m,,https://midatlanticherbaria.org/portal/collections/individual/index.php?occid=17267647,,,,
PH00388867,fl,4,6,26,2011,usa,pennsylvania,bucks,roadside opening,,,40.31789,-75.207663,plus minus 1000 m,,https://midatlanticherbaria.org/portal/collections/individual/index.php?occid=17267648,,,,
PH00388868,fl,2,6,26,2011,usa,pennsylvania,bucks,roadside,,,40.3504,-75.166662,"WGS84, plus minus 716 m",,https://midatlanticherbaria.org/portal/collections/individual/index.php?occid=17267649,,,,
PH00388869,fl,4,6,26,2011,usa,pennsylvania,bucks,,,,40.3504,-75.166662,"WGS84, plus minus 716 m",,https://midatlanticherbaria.org/portal/collections/individual/index.php?occid=17267650,,,,
PH00388870,fl,5,6,13,2011,usa,pennsylvania,bucks,power line right-of-way,,,40.117232,-74.874336,plus minus 1000 m ,,https://midatlanticherbaria.org/portal/collections/individual/index.php?occid=17267651,,,,
PH00388871,fl,5,6,13,2011,usa,pennsylvania,bucks,power line right-of-way,,,40.117232,-74.874336,plus minus 1000 m,,https://midatlanticherbaria.org/portal/collections/individual/index.php?occid=17267652,,,,
PH00388872,fl,6,6,13,2011,usa,pennsylvania,bucks,power line right-of-way,,,40.117232,-74.874336,plus minus 1000 m ,,https://midatlanticherbaria.org/portal/collections/individual/index.php?occid=17267653,,,,
PH00767103,fruiting,3,9,22,1942,usa,iowa,clay,elevated grassland around a swamp,,,43.208315,-94.970099,"WGS84, plus minus 7284 m ",,https://midatlanticherbaria.org/portal/collections/individual/index.php?occid=24526447,,,,
PH00767104,fruiting,1,10,26,1913,usa,missouri,saint louis,,,,38.503671,-90.285242,"WGS84, plus minus 1477 m",,https://midatlanticherbaria.org/portal/collections/individual/index.php?occid=24526448,,,,
PH00767105,fl,5,6,30,1968,usa,nebraska,douglas,valley land,,,41.281943,-96.235301,"WGS84, plus minus 4775 m",,https://midatlanticherbaria.org/portal/collections/individual/index.php?occid=24526449,,,,
PH00767106,fruiting,3,8,7,1928,usa,nebraska,saline,field,,,40.626394,-96.963084,"WGS84, plus minus 3442 m",,https://midatlanticherbaria.org/portal/collections/individual/index.php?occid=24526450,,,,
PH00767107,fl,5,6,30,1868,usa,nebraska,douglas,valley land,,,41.281943,-96.235301,"WGS84, plus minus 4775 m",,https://midatlanticherbaria.org/portal/collections/individual/index.php?occid=24526451,,,,
PH00767108,fl,3,7,15,1921,usa,oregon,marion,meadows,,,44.949034,-123.026813,"WGS84, plus minus 1184 m",,https://midatlanticherbaria.org/portal/collections/individual/index.php?occid=24526452,,,,
PH00767109,fl,2,,,,usa,kentucky,fayette,,,,38.031137,-84.5,"WGS84, plus minus 5170 m",,https://midatlanticherbaria.org/portal/collections/individual/index.php?occid=24526453,,,,
PH00767110,fl,8,7,17,1893,usa,virginia,patrick,,,,36.686686,-80.284492,"WGS84, plus minus 5003 m",,https://midatlanticherbaria.org/portal/collections/individual/index.php?occid=24526454,,,,
PH00767111,fruiting,3,8,17,1980,usa,virginia,albermarle,weedy open disturbed ground,,170 m,38.009742,-78.442383,"WGS84, plus minus 1370 m",,https://midatlanticherbaria.org/portal/collections/individual/index.php?occid=24526455,,,,
PH00767112,fl,2,7,5,1918,usa,massachusetts,middlesex,,,,42.542145,-71.503084,"WGS84, plus minus 6328 m",,https://midatlanticherbaria.org/portal/collections/individual/index.php?occid=24526456,,,,
PH00767113,fruiting,1,8,26,1898,usa,nebraska,lancaster,,,,40.832779,-96.686404,"WGS84, plus minus 13764 m",,https://midatlanticherbaria.org/portal/collections/individual/index.php?occid=24526457,,,,
PH00767114,fl,3,8,13,1862,usa,ohio,tuscarawas,,,,40.394789,-81.407058,"WGS84, plus minus 1472 m",,https://midatlanticherbaria.org/portal/collections/individual/index.php?occid=24526458,,,,
PH00767115,fl,5,6,,,usa,ohio,hamilton,,,,39.16194,-84.45694,"WGS84, plus minus 18226 m",,https://midatlanticherbaria.org/portal/collections/individual/index.php?occid=24526459,,,,
PH00767116,leaves,,7,17,1946,usa,minnesota,saint louis,,,,46.659942,-92.226304,"WGS84, plus minus 5040 m ",,https://midatlanticherbaria.org/portal/collections/individual/index.php?occid=24526460,,,,
PH00767117,fl,1,7,,1901,usa,minnesota,winona,,,,44.057859,-91.662661,"WGS84, plus minus 9141 m",,https://midatlanticherbaria.org/portal/collections/individual/index.php?occid=24526461,,,,
PH00767118,fruiting,3,8,20,1909,usa,north dakota,benson,,,,48.288888,-99.437635,"WGS84, plus minus 890 m",,https://midatlanticherbaria.org/portal/collections/individual/index.php?occid=24526462,,,,
PH00767119,fruiting,3,8,22,1944,usa,iowa,clay,fallow field,,,,,,,https://midatlanticherbaria.org/portal/collections/individual/index.php?occid=24526463,,,,
PH00767120,fl,3,7,3,1965,usa,michigan,mason,,,213 m,44.061996,-86.419126,"WGS84, plus minus 7344 m",,https://midatlanticherbaria.org/portal/collections/individual/index.php?occid=24526464,,,,
PH00767122,fruiting,7,8,29,2908,usa,new hampshire,coos,"dry soil, side of embankment",,,44.387839,-71.173131,"WGS84, plus minus 2521 m",,https://midatlanticherbaria.org/portal/collections/individual/index.php?occid=24526465,,,,
PH00767123,fruiting,2,8,26,1928,usa,massachusetts,barnstable,sandy roadside ,,,41.741774,70.451693,"WGS84, plus minus 5575 m",,https://midatlanticherbaria.org/portal/collections/individual/index.php?occid=24526466,,,,
PH00767124,fl,2,7,21,1901,usa,massachusetts,essex,,,,42.658425,-71.137001,"WGS84, plus minus 3111 m",,https://midatlanticherbaria.org/portal/collections/individual/index.php?occid=24526467,,,,
PH00767125,fl,5,7,12,1939,usa,massachusetts,norfolk,dry roadside,,,42.12371,-71.178663,"WGS84, plus minus 3316 m",,https://midatlanticherbaria.org/portal/collections/individual/index.php?occid=24526468,,,,
PH00767126,fl,4,7,14,1927,usa,massachusetts,barnstable,,,,41.635571,-70.316616,"WGS84, plus minus 2995 m",,https://midatlanticherbaria.org/portal/collections/individual/index.php?occid=24526469,,,,
3529230,fruiting,3,1,23,1918,usa,new york,sullivan,,,,41.933144,-74.913496,WGS84,,https://midatlanticherbaria.org/portal/collections/individual/index.php?occid=24738830,,,,
01527289,fl,4,6,16,2011,usa,new york,dutchess,weedy patch along road and sidewalk in industrial zone,,13 m,41.710289,-73.938028,,,https://midatlanticherbaria.org/portal/collections/individual/index.php?occid=6515953,,,,
3529227,fl,9,7,0,1891,usa,new york,suffolk,,,,40.820083,-72.594863,WGS84,,https://midatlanticherbaria.org/portal/collections/individual/index.php?occid=24738279,,,,
3529233,fl,2,6,13,1936,usa,new jersey,union,,,,,,,,https://midatlanticherbaria.org/portal/collections/individual/index.php?occid=24739097,,,,
3529075,fruiting,2,9,20,1936,usa,nebraska,hall,,,,40.792944,-98.493939,WGS84,,https://midatlanticherbaria.org/portal/collections/individual/index.php?occid=24725882,,,,
3529046,fl,2,7,9,1904,usa,new york,bronx,,,,40.862289,-40.862289,WGS84,,https://midatlanticherbaria.org/portal/collections/individual/index.php?occid=24758952,,,,
3529196,fl,4,8,10,1891,usa,new york,onteora,,,,42.211305,-74.137902,WGS84,,https://midatlanticherbaria.org/portal/collections/individual/index.php?occid=24747076,,,,
3529034,fl,2,7,13,1891,usa,new jersey,middlesex,,,,40.55493,-74.286308,WGS84,,https://midatlanticherbaria.org/portal/collections/individual/index.php?occid=24738275,,,,
3529165,fl,2,7,4,1919,usa,new york,suffolk,,,,40.86069,-73.448025,WGS84,,https://midatlanticherbaria.org/portal/collections/individual/index.php?occid=24743719,,,,
3529123,fl,2,7,12,1883,usa,pennsylvania,harrisburg,,,,,,,,https://midatlanticherbaria.org/portal/collections/individual/index.php?occid=24738107,,,,
3529166,fl,1,7,24,1940,usa,new jersey,somerset,,,,40.642048,-74.441201,WGS84,,https://midatlanticherbaria.org/portal/collections/individual/index.php?occid=24736326,,,,
1070830,fl,2,7,27,2007,usa,new york,putnam,along railroad tracks through freshwater marsh,,134 m,41.45208,-73.6151969,,,https://midatlanticherbaria.org/portal/collections/individual/index.php?occid=6430707,,,,
3529103,fl,1,6,4,1963,usa,kansas,doniphan,,,,39.851817,-95.180284,WGS84,,https://midatlanticherbaria.org/portal/collections/individual/index.php?occid=24726426,,,,
3529223,fl,1,7,10,1890,usa,new jersey,,,,,,,,,https://midatlanticherbaria.org/portal/collections/individual/index.php?occid=24738225,,,,
40812,fl,2,7,18,1990,usa,new york,st. lawrence,,,630 m,44.25,-75.5,,,https://midatlanticherbaria.org/portal/collections/individual/index.php?occid=6539648,,,,
3529053,fl,4,6,4,2010,usa,maryland,queen anne's,,,,38.96944,-76.24281,,,https://midatlanticherbaria.org/portal/collections/individual/index.php?occid=24742274,,,,
3529044,fl,4,6,17,2010,usa,delaware,sussex,,,,38.71622,-75.31206,,,https://midatlanticherbaria.org/portal/collections/individual/index.php?occid=24743801,,,,
3529045,fruiting,2,,,,usa,new york,bronx,,,,40.862289,-73.877023,WGS84,,https://midatlanticherbaria.org/portal/collections/individual/index.php?occid=24758953,,,,
PAC0055176,fruiting,1,8,28,1941,usa,pennsylvania,bradford,waste place,,,41.605164,-76.644331,plus minus 3131 m ,,https://midatlanticherbaria.org/portal/collections/individual/index.php?occid=24867377,,,,
PAC0055177,fl,2,7,13,1949,usa,pennsylvania,cameron,in and around gamelands clearing,,,41.424098,-78.402093,"WGS84, plus minus 2390 m",,https://midatlanticherbaria.org/portal/collections/individual/index.php?occid=24867378,,,,
PAC0055178,fruiting,3,8,31,1952,usa,pennsylvania,centre,marshy bottom along run,,,41.056854,-77.955779,"WGS84, plus minus 1090 m",,https://midatlanticherbaria.org/portal/collections/individual/index.php?occid=24867379,,,,
PAC0055179,fl,4,7,9,1953,usa,pennsylvania,centre,roadside,,,,,,,https://midatlanticherbaria.org/portal/collections/individual/index.php?occid=24867380,,,,
PAC0055180,fl,3,7,28,1951,usa,pennsylvania,centre,open woods,,,,,,,https://midatlanticherbaria.org/portal/collections/individual/index.php?occid=24867381,,,,
PAC0055181,fl,1,8,4,1950,usa,pennsylvania,centre,waste place around cultivated field,,,,,,,https://midatlanticherbaria.org/portal/collections/individual/index.php?occid=24867382,,,,
PAC0055182,fl,5,7,10,1941,usa,pennsylvania,centre,old orchard,,,,,,,https://midatlanticherbaria.org/portal/collections/individual/index.php?occid=24867383,,,,
PAC0055183,fl,5,7,1,1941,usa,pennsylvania,centre,old field,,,,,,,https://midatlanticherbaria.org/portal/collections/individual/index.php?occid=24867384,,,,
PAC0055184,fl,3,7,1,1921,usa,pennsylvania,,roadside,,,,,,,https://midatlanticherbaria.org/portal/collections/individual/index.php?occid=24867385,,,,
PAC0055185,fl,2,7,24,1957,usa,pennsylvania,clearfield,wooded bank,,,,,,,https://midatlanticherbaria.org/portal/collections/individual/index.php?occid=24867386,,,,
PAC0055186,fl,3,6,27,1957,usa,pennsylvania,clearfield,roadside near creek,,,40.826008,-78.435437,"WGS84, plus minus 463 m",manually placed in field,https://midatlanticherbaria.org/portal/collections/individual/index.php?occid=24867387,,,,
PAC0055187,fl,5,7,18,1952,usa,pennsylvania,clearfield,shore of river,,,,,,,https://midatlanticherbaria.org/portal/collections/individual/index.php?occid=24867388,,,,
PAC0055188,fruiting,1,7,19,1952,usa,pennsylvania,clinton,roadside and wooded bank,,,,,,,https://midatlanticherbaria.org/portal/collections/individual/index.php?occid=24867389,,,,
PAC0055189,fruiting,1,8,11,1851,usa,pennsylvania,clinton,bushy alluvial bank along river,,,41.138604,-77.423401,"WGS84, plus minus 1512 m",manually placed along river,https://midatlanticherbaria.org/portal/collections/individual/index.php?occid=24867390,,,,
PAC0055190,fl,3,7,29,1950,usa,pennsylvania,cumberland,dry area at top of shaley outcrop along creek,,,40.261278,-77.02816,"WGS84, plus minus 1354 m",manually placed along river,https://midatlanticherbaria.org/portal/collections/individual/index.php?occid=24867391,,,,
PAC0055191,fl,1,6,26,1950,usa,pennsylvania,cumberland,clearing in low land along creek,,,40.155026,-76.98701,"WGS84, plus minus 732 m",mannually placed along creek,https://midatlanticherbaria.org/portal/collections/individual/index.php?occid=24867392,,,,
PAC0055192,fl,4,6,7,1955,usa,pennsylvania,franklin,open woods,,,,,,,https://midatlanticherbaria.org/portal/collections/individual/index.php?occid=24867393,,,,
PAC0055193,fruiting,2,9,13,1954,usa,pennsylvania,franklin,weedy cornfield,,,,,,,https://midatlanticherbaria.org/portal/collections/individual/index.php?occid=24867394,,,,
PAC0055194,fl,3,,,1915,usa,pennsylvania,franklin,,,,,,,,https://midatlanticherbaria.org/portal/collections/individual/index.php?occid=24867395,,,,
PAC0055195,fl,1,7,8,1909,usa,pennsylvania,franklin,,,,39.844259,-77.558323,"WGS84, plus minus 1528 m",,https://midatlanticherbaria.org/portal/collections/individual/index.php?occid=24867396,,,,
PAC0055196,fruiting,7,10,2,1954,usa,pennsylvania,franklin,roadside through fields,,,40.228928,-77.6844,"WGS84, plus minus 902 m",,https://midatlanticherbaria.org/portal/collections/individual/index.php?occid=24867397,,,,
PAC0055197,fruiting,3,9,17,1954,usa,pennsylvania,franklin,fence row and old field,,,,,,,https://midatlanticherbaria.org/portal/collections/individual/index.php?occid=24867398,,,,
PAC0055198,leaves,,8,25,1959,usa,pennsylvania,fulton,roadbank and old pasture on thin shale soil,,,,,,,https://midatlanticherbaria.org/portal/collections/individual/index.php?occid=24867399,,,,
PAC0055199,fruiting,2,8,18,1955,usa,pennsylvania,fulton,roadside through fields and open woods,,,,,,,https://midatlanticherbaria.org/portal/collections/individual/index.php?occid=24867400,,,,
PAC0055200,fl,1,7,18,1955,usa,pennsylvania,fulton,roadside through fields,,,,,,,https://midatlanticherbaria.org/portal/collections/individual/index.php?occid=24867401,,,,
PAC0055201,fl,2,7,18,1955,usa,pennsylvania,fulton,weedy cornfield,,,,,,,https://midatlanticherbaria.org/portal/collections/individual/index.php?occid=24867402,,,,
PAC0055202,fl,3,7,15,1953,usa,pennsylvania,huntingdon,roadside and edge of woods,,,,,,,https://midatlanticherbaria.org/portal/collections/individual/index.php?occid=24867403,,,,
PAC0055203,fl,3,7,15,1953,usa,pennsylvania,huntingdon,roadside and edge along river,,,,,,,https://midatlanticherbaria.org/portal/collections/individual/index.php?occid=24867404,,,,
PAC0055204,fl,2,7,6,1953,usa,pennsylvania,huntingdon,shaly banks of river,,,,,,,https://midatlanticherbaria.org/portal/collections/individual/index.php?occid=24867405,,,,
PAC0055205,fl,4,7,15,1953,usa,pennsylvania,huntingdon,roadside and edge of woods,,,40.502292,-78.083624,"WGS84, plus minus 744 m",manually placed along road,https://midatlanticherbaria.org/portal/collections/individual/index.php?occid=24867406,,,,
PAC0055206,fl,1,6,22,1953,usa,pennsylvania,huntingdon,shaly roadside through woods,,,40.276356,-77.747329,"WGS84, plus minus 1244 m",manually placed along road,https://midatlanticherbaria.org/portal/collections/individual/index.php?occid=24867407,,,,
PAC0055207,fl,4,7,6,1953,usa,pennsylvania,huntingdon,roadside and edge of woods,,,40.199024,-78.014474,"WGS84, plus minus 434 m ",manually placed,https://midatlanticherbaria.org/portal/collections/individual/index.php?occid=24867408,,,,
PAC0055208,leaves,,6,22,1953,usa,pennsylvania,huntingdon,roadside through fields,,,40.096587,-77.863491,plus minus 77 m,manually placed,https://midatlanticherbaria.org/portal/collections/individual/index.php?occid=24867409,,,,
PAC0055209,fl,3,7,11,1957,usa,pennsylvania,huntingdon,wet pasture,,,40.349044,-78.017949,"WGS84, plus minus 1534 m",manually placed,https://midatlanticherbaria.org/portal/collections/individual/index.php?occid=24867410,,,,
PAC0055210,fl,3,8,19,1953,usa,pennsylvania,huntingdon,roadside through woods,,,,,,,https://midatlanticherbaria.org/portal/collections/individual/index.php?occid=24867411,,,,
PAC0055211,fl,3,6,21,1952,usa,pennsylvania,huntingdon,roadside in farmland,,,,,,,https://midatlanticherbaria.org/portal/collections/individual/index.php?occid=24867412,,,,
PAC0055212,fl,5,7,28,1952,usa,pennsylvania,jefferson,dry hilltop field,,,41.970611,-80.365322,"WGS84, plus minus 900 m",,https://midatlanticherbaria.org/portal/collections/individual/index.php?occid=24867413,,,,
PAC0055213,fl,1,8,12,1947,usa,pennsylvania,jefferson,waste field along road and steam,,,41.092528,-78.828085,plus minus 502 m,manually placed in field,https://midatlanticherbaria.org/portal/collections/individual/index.php?occid=24867414,,,,
PAC0055214,fl,1,6,28,1955,usa,pennsylvania,juniata,roadside through gields and woodlots,,,40.562664,-77.423203,"WGS84, plus minus 886 m",manually placed along road,https://midatlanticherbaria.org/portal/collections/individual/index.php?occid=24867415,,,,
PAC0055215,fl,1,6,23,1955,usa,pennsylvania,juniata,old field and hedgegrow,,,40.497794,-77.423878,"WGS84, plus minus 685 m",,https://midatlanticherbaria.org/portal/collections/individual/index.php?occid=24867416,,,,